Source,Model,Elapsed Time
Laptop,SimpleResNet,0.7451661999803036
Laptop,SimpleResNet,1.232229699846357
Laptop,SimpleResNet,0.7266190000809729
Laptop,SimpleResNet,1.053119400050491
Laptop,SimpleResNet,0.6548878999892622
Laptop,SimpleResNet,0.6330894001293927
Laptop,SimpleResNet,0.661880400031805
Laptop,SimpleResNet,1.0887458000797778
Laptop,SimpleResNet,0.6389920001383871
Laptop,SimpleResNet,0.674840799998492
Laptop,SimpleResNet,1.185184699948877
